Country,Iso3,Who region,Month Start,Month Lab,Cases,Deaths
Andorra,AND,EURO,01/11/2023,Nov-23,0,0
Andorra,AND,EURO,01/12/2023,Dec-23,0,0
Andorra,AND,EURO,01/01/2024,Jan-24,0,0
Andorra,AND,EURO,01/02/2024,Feb-24,0,0
Andorra,AND,EURO,01/03/2024,Mar-24,0,0
Andorra,AND,EURO,01/04/2024,Apr-24,0,0
Andorra,AND,EURO,01/05/2024,May-24,0,0
Andorra,AND,EURO,01/06/2024,Jun-24,0,0
Andorra,AND,EURO,01/07/2024,Jul-24,0,0
Andorra,AND,EURO,01/08/2024,Aug-24,0,0
Andorra,AND,EURO,01/09/2024,Sep-24,0,0
Andorra,AND,EURO,01/10/2024,Oct-24,0,0
Argentina,ARG,AMRO,01/11/2023,Nov-23,3,0
Argentina,ARG,AMRO,01/12/2023,Dec-23,3,0
Argentina,ARG,AMRO,01/01/2024,Jan-24,1,0
Argentina,ARG,AMRO,01/02/2024,Feb-24,0,0
Argentina,ARG,AMRO,01/03/2024,Mar-24,0,0
Argentina,ARG,AMRO,01/04/2024,Apr-24,0,0
Argentina,ARG,AMRO,01/05/2024,May-24,0,0
Argentina,ARG,AMRO,01/06/2024,Jun-24,0,0
Argentina,ARG,AMRO,01/07/2024,Jul-24,5,0
Argentina,ARG,AMRO,01/08/2024,Aug-24,26,0
Argentina,ARG,AMRO,01/09/2024,Sep-24,40,0
Argentina,ARG,AMRO,01/10/2024,Oct-24,15,0
Aruba,ABW,AMRO,01/11/2023,Nov-23,0,0
Aruba,ABW,AMRO,01/12/2023,Dec-23,0,0
Aruba,ABW,AMRO,01/01/2024,Jan-24,0,0
Aruba,ABW,AMRO,01/02/2024,Feb-24,0,0
Aruba,ABW,AMRO,01/03/2024,Mar-24,0,0
Aruba,ABW,AMRO,01/04/2024,Apr-24,0,0
Aruba,ABW,AMRO,01/05/2024,May-24,0,0
Aruba,ABW,AMRO,01/06/2024,Jun-24,0,0
Aruba,ABW,AMRO,01/07/2024,Jul-24,0,0
Aruba,ABW,AMRO,01/08/2024,Aug-24,0,0
Aruba,ABW,AMRO,01/09/2024,Sep-24,0,0
Aruba,ABW,AMRO,01/10/2024,Oct-24,0,0
Australia,AUS,WPRO,01/11/2023,Nov-23,2,0
Australia,AUS,WPRO,01/12/2023,Dec-23,2,0
Australia,AUS,WPRO,01/01/2024,Jan-24,6,0
Australia,AUS,WPRO,01/04/2024,Apr-24,5,0
Australia,AUS,WPRO,01/05/2024,May-24,33,0
Australia,AUS,WPRO,01/06/2024,Jun-24,64,0
Australia,AUS,WPRO,01/07/2024,Jul-24,101,0
Australia,AUS,WPRO,01/08/2024,Aug-24,245,0
Australia,AUS,WPRO,01/09/2024,Sep-24,302,0
Australia,AUS,WPRO,01/10/2024,Oct-24,296,0
Austria,AUT,EURO,01/11/2023,Nov-23,2,0
Austria,AUT,EURO,01/12/2023,Dec-23,5,0
Austria,AUT,EURO,01/01/2024,Jan-24,3,0
Austria,AUT,EURO,01/02/2024,Feb-24,4,1
Austria,AUT,EURO,01/03/2024,Mar-24,0,0
Austria,AUT,EURO,01/04/2024,Apr-24,1,0
Austria,AUT,EURO,01/05/2024,May-24,2,0
Austria,AUT,EURO,01/06/2024,Jun-24,0,0
Austria,AUT,EURO,01/07/2024,Jul-24,0,0
Austria,AUT,EURO,01/08/2024,Aug-24,2,0
Austria,AUT,EURO,01/09/2024,Sep-24,3,0
Austria,AUT,EURO,01/10/2024,Oct-24,3,0
Bahamas,BHS,AMRO,01/11/2023,Nov-23,0,0
Bahamas,BHS,AMRO,01/12/2023,Dec-23,0,0
Bahamas,BHS,AMRO,01/01/2024,Jan-24,0,0
Bahamas,BHS,AMRO,01/02/2024,Feb-24,0,0
Bahamas,BHS,AMRO,01/03/2024,Mar-24,0,0
Bahamas,BHS,AMRO,01/04/2024,Apr-24,0,0
Bahamas,BHS,AMRO,01/05/2024,May-24,0,0
Bahamas,BHS,AMRO,01/06/2024,Jun-24,0,0
Bahamas,BHS,AMRO,01/07/2024,Jul-24,0,0
Bahamas,BHS,AMRO,01/08/2024,Aug-24,0,0
Bahamas,BHS,AMRO,01/09/2024,Sep-24,0,0
Bahamas,BHS,AMRO,01/10/2024,Oct-24,0,0
Barbados,BRB,AMRO,01/11/2023,Nov-23,0,0
Barbados,BRB,AMRO,01/12/2023,Dec-23,0,0
Barbados,BRB,AMRO,01/01/2024,Jan-24,0,0
Barbados,BRB,AMRO,01/02/2024,Feb-24,0,0
Barbados,BRB,AMRO,01/03/2024,Mar-24,0,0
Barbados,BRB,AMRO,01/04/2024,Apr-24,0,0
Barbados,BRB,AMRO,01/05/2024,May-24,0,0
Barbados,BRB,AMRO,01/06/2024,Jun-24,0,0
Barbados,BRB,AMRO,01/07/2024,Jul-24,0,0
Barbados,BRB,AMRO,01/08/2024,Aug-24,0,0
Barbados,BRB,AMRO,01/09/2024,Sep-24,0,0
Barbados,BRB,AMRO,01/10/2024,Oct-24,0,0
Belgium,BEL,EURO,01/11/2023,Nov-23,2,0
Belgium,BEL,EURO,01/12/2023,Dec-23,3,0
Belgium,BEL,EURO,01/01/2024,Jan-24,3,0
Belgium,BEL,EURO,01/02/2024,Feb-24,2,0
Belgium,BEL,EURO,01/03/2024,Mar-24,1,0
Belgium,BEL,EURO,01/04/2024,Apr-24,3,0
Belgium,BEL,EURO,01/05/2024,May-24,0,0
Belgium,BEL,EURO,01/06/2024,Jun-24,1,0
Belgium,BEL,EURO,01/07/2024,Jul-24,1,0
Belgium,BEL,EURO,01/08/2024,Aug-24,3,0
Belgium,BEL,EURO,01/09/2024,Sep-24,8,0
Belgium,BEL,EURO,01/10/2024,Oct-24,17,0
Benin,BEN,AFRO,01/11/2023,Nov-23,0,0
Benin,BEN,AFRO,01/12/2023,Dec-23,0,0
Benin,BEN,AFRO,01/01/2024,Jan-24,0,0
Benin,BEN,AFRO,01/02/2024,Feb-24,0,0
Benin,BEN,AFRO,01/03/2024,Mar-24,0,0
Benin,BEN,AFRO,01/04/2024,Apr-24,0,0
Benin,BEN,AFRO,01/05/2024,May-24,0,0
Benin,BEN,AFRO,01/06/2024,Jun-24,0,0
Benin,BEN,AFRO,01/07/2024,Jul-24,0,0
Benin,BEN,AFRO,01/08/2024,Aug-24,0,0
Benin,BEN,AFRO,01/09/2024,Sep-24,0,0
Benin,BEN,AFRO,01/10/2024,Oct-24,0,0
Bermuda,BMU,AMRO,01/11/2023,Nov-23,0,0
Bermuda,BMU,AMRO,01/12/2023,Dec-23,0,0
Bermuda,BMU,AMRO,01/01/2024,Jan-24,0,0
Bermuda,BMU,AMRO,01/02/2024,Feb-24,0,0
Bermuda,BMU,AMRO,01/03/2024,Mar-24,0,0
Bermuda,BMU,AMRO,01/04/2024,Apr-24,0,0
Bermuda,BMU,AMRO,01/05/2024,May-24,0,0
Bermuda,BMU,AMRO,01/06/2024,Jun-24,0,0
Bermuda,BMU,AMRO,01/07/2024,Jul-24,0,0
Bermuda,BMU,AMRO,01/08/2024,Aug-24,0,0
Bermuda,BMU,AMRO,01/09/2024,Sep-24,0,0
Bermuda,BMU,AMRO,01/10/2024,Oct-24,0,0
Bolivia (Plurinational State of),BOL,AMRO,01/11/2023,Nov-23,0,0
Bolivia (Plurinational State of),BOL,AMRO,01/12/2023,Dec-23,0,0
Bolivia (Plurinational State of),BOL,AMRO,01/01/2024,Jan-24,0,0
Bolivia (Plurinational State of),BOL,AMRO,01/02/2024,Feb-24,1,0
Bolivia (Plurinational State of),BOL,AMRO,01/03/2024,Mar-24,0,0
Bolivia (Plurinational State of),BOL,AMRO,01/04/2024,Apr-24,0,0
Bolivia (Plurinational State of),BOL,AMRO,01/05/2024,May-24,0,0
Bolivia (Plurinational State of),BOL,AMRO,01/06/2024,Jun-24,0,0
Bolivia (Plurinational State of),BOL,AMRO,01/07/2024,Jul-24,0,0
Bolivia (Plurinational State of),BOL,AMRO,01/08/2024,Aug-24,0,0
Bolivia (Plurinational State of),BOL,AMRO,01/09/2024,Sep-24,0,0
Bolivia (Plurinational State of),BOL,AMRO,01/10/2024,Oct-24,0,0
Bosnia and Herzegovina,BIH,EURO,01/11/2023,Nov-23,0,0
Bosnia and Herzegovina,BIH,EURO,01/12/2023,Dec-23,0,0
Bosnia and Herzegovina,BIH,EURO,01/01/2024,Jan-24,0,0
Bosnia and Herzegovina,BIH,EURO,01/02/2024,Feb-24,0,0
Bosnia and Herzegovina,BIH,EURO,01/03/2024,Mar-24,0,0
Bosnia and Herzegovina,BIH,EURO,01/04/2024,Apr-24,0,0
Bosnia and Herzegovina,BIH,EURO,01/05/2024,May-24,0,0
Bosnia and Herzegovina,BIH,EURO,01/06/2024,Jun-24,0,0
Bosnia and Herzegovina,BIH,EURO,01/07/2024,Jul-24,0,0
Bosnia and Herzegovina,BIH,EURO,01/08/2024,Aug-24,0,0
Bosnia and Herzegovina,BIH,EURO,01/09/2024,Sep-24,0,0
Bosnia and Herzegovina,BIH,EURO,01/10/2024,Oct-24,0,0
Brazil,BRA,AMRO,01/11/2023,Nov-23,97,0
Brazil,BRA,AMRO,01/12/2023,Dec-23,108,0
Brazil,BRA,AMRO,01/01/2024,Jan-24,196,0
Brazil,BRA,AMRO,01/02/2024,Feb-24,127,0
Brazil,BRA,AMRO,01/03/2024,Mar-24,86,0
Brazil,BRA,AMRO,01/04/2024,Apr-24,91,0
Brazil,BRA,AMRO,01/05/2024,May-24,57,0
Brazil,BRA,AMRO,01/06/2024,Jun-24,42,0
Brazil,BRA,AMRO,01/07/2024,Jul-24,129,0
Brazil,BRA,AMRO,01/08/2024,Aug-24,288,0
Brazil,BRA,AMRO,01/09/2024,Sep-24,267,0
Brazil,BRA,AMRO,01/10/2024,Oct-24,207,0
Bulgaria,BGR,EURO,01/11/2023,Nov-23,0,0
Bulgaria,BGR,EURO,01/12/2023,Dec-23,0,0
Bulgaria,BGR,EURO,01/01/2024,Jan-24,0,0
Bulgaria,BGR,EURO,01/02/2024,Feb-24,0,0
Bulgaria,BGR,EURO,01/03/2024,Mar-24,0,0
Bulgaria,BGR,EURO,01/04/2024,Apr-24,0,0
Bulgaria,BGR,EURO,01/05/2024,May-24,1,0
Bulgaria,BGR,EURO,01/06/2024,Jun-24,0,0
Bulgaria,BGR,EURO,01/07/2024,Jul-24,0,0
Bulgaria,BGR,EURO,01/08/2024,Aug-24,0,0
Bulgaria,BGR,EURO,01/09/2024,Sep-24,0,0
Bulgaria,BGR,EURO,01/10/2024,Oct-24,0,0
Burundi,BDI,AFRO,01/07/2024,Jul-24,9,0
Burundi,BDI,AFRO,01/08/2024,Aug-24,222,0
Burundi,BDI,AFRO,01/09/2024,Sep-24,622,0
Burundi,BDI,AFRO,01/10/2024,Oct-24,656,0
Cambodia,KHM,WPRO,01/12/2023,Dec-23,1,0
Cambodia,KHM,WPRO,01/01/2024,Jan-24,2,0
Cambodia,KHM,WPRO,01/02/2024,Feb-24,10,0
Cameroon,CMR,AFRO,01/11/2023,Nov-23,0,0
Cameroon,CMR,AFRO,01/12/2023,Dec-23,0,0
Cameroon,CMR,AFRO,01/01/2024,Jan-24,2,1
Cameroon,CMR,AFRO,01/02/2024,Feb-24,0,0
Cameroon,CMR,AFRO,01/03/2024,Mar-24,0,0
Cameroon,CMR,AFRO,01/04/2024,Apr-24,3,1
Cameroon,CMR,AFRO,01/05/2024,May-24,0,0
Cameroon,CMR,AFRO,01/06/2024,Jun-24,0,0
Cameroon,CMR,AFRO,01/07/2024,Jul-24,0,0
Cameroon,CMR,AFRO,01/08/2024,Aug-24,0,0
Cameroon,CMR,AFRO,01/09/2024,Sep-24,1,0
Cameroon,CMR,AFRO,01/10/2024,Oct-24,0,0
Canada,CAN,AMRO,01/11/2023,Nov-23,7,0
Canada,CAN,AMRO,01/12/2023,Dec-23,3,0
Canada,CAN,AMRO,01/01/2024,Jan-24,8,0
Canada,CAN,AMRO,01/02/2024,Feb-24,24,0
Canada,CAN,AMRO,01/03/2024,Mar-24,12,0
Canada,CAN,AMRO,01/04/2024,Apr-24,14,0
Canada,CAN,AMRO,01/05/2024,May-24,22,0
Canada,CAN,AMRO,01/06/2024,Jun-24,29,0
Canada,CAN,AMRO,01/07/2024,Jul-24,66,0
Canada,CAN,AMRO,01/08/2024,Aug-24,63,0
Canada,CAN,AMRO,01/09/2024,Sep-24,17,0
Canada,CAN,AMRO,01/10/2024,Oct-24,0,0
Central African Republic,CAF,AFRO,01/11/2023,Nov-23,0,0
Central African Republic,CAF,AFRO,01/12/2023,Dec-23,2,0
Central African Republic,CAF,AFRO,01/01/2024,Jan-24,5,0
Central African Republic,CAF,AFRO,01/02/2024,Feb-24,9,0
Central African Republic,CAF,AFRO,01/03/2024,Mar-24,4,0
Central African Republic,CAF,AFRO,01/04/2024,Apr-24,1,0
Central African Republic,CAF,AFRO,01/05/2024,May-24,0,0
Central African Republic,CAF,AFRO,01/06/2024,Jun-24,5,0
Central African Republic,CAF,AFRO,01/07/2024,Jul-24,17,1
Central African Republic,CAF,AFRO,01/08/2024,Aug-24,6,0
Central African Republic,CAF,AFRO,01/09/2024,Sep-24,10,0
Central African Republic,CAF,AFRO,01/10/2024,Oct-24,7,1
Chile,CHL,AMRO,01/11/2023,Nov-23,1,0
Chile,CHL,AMRO,01/12/2023,Dec-23,1,0
Chile,CHL,AMRO,01/01/2024,Jan-24,1,0
Chile,CHL,AMRO,01/02/2024,Feb-24,3,0
Chile,CHL,AMRO,01/03/2024,Mar-24,2,0
Chile,CHL,AMRO,01/04/2024,Apr-24,0,0
Chile,CHL,AMRO,01/05/2024,May-24,0,0
Chile,CHL,AMRO,01/06/2024,Jun-24,0,0
Chile,CHL,AMRO,01/07/2024,Jul-24,1,0
Chile,CHL,AMRO,01/08/2024,Aug-24,1,0
Chile,CHL,AMRO,01/09/2024,Sep-24,2,0
Chile,CHL,AMRO,01/10/2024,Oct-24,0,0
China,CHN,WPRO,01/11/2023,Nov-23,89,0
China,CHN,WPRO,01/12/2023,Dec-23,103,0
China,CHN,WPRO,01/01/2024,Jan-24,100,0
China,CHN,WPRO,01/02/2024,Feb-24,73,0
China,CHN,WPRO,01/03/2024,Mar-24,54,0
China,CHN,WPRO,01/04/2024,Apr-24,42,0
China,CHN,WPRO,01/05/2024,May-24,57,0
China,CHN,WPRO,01/06/2024,Jun-24,58,0
China,CHN,WPRO,01/07/2024,Jul-24,56,1
China,CHN,WPRO,01/08/2024,Aug-24,63,0
China,CHN,WPRO,01/09/2024,Sep-24,19,0
China,CHN,WPRO,01/10/2024,Oct-24,61,0
Colombia,COL,AMRO,01/11/2023,Nov-23,10,0
Colombia,COL,AMRO,01/12/2023,Dec-23,24,0
Colombia,COL,AMRO,01/01/2024,Jan-24,40,0
Colombia,COL,AMRO,01/02/2024,Feb-24,15,0
Colombia,COL,AMRO,01/03/2024,Mar-24,13,0
Colombia,COL,AMRO,01/04/2024,Apr-24,24,0
Colombia,COL,AMRO,01/05/2024,May-24,4,0
Colombia,COL,AMRO,01/06/2024,Jun-24,8,0
Colombia,COL,AMRO,01/07/2024,Jul-24,10,0
Colombia,COL,AMRO,01/08/2024,Aug-24,7,0
Colombia,COL,AMRO,01/09/2024,Sep-24,3,0
Colombia,COL,AMRO,01/10/2024,Oct-24,7,0
Congo,COG,AFRO,01/11/2023,Nov-23,1,0
Congo,COG,AFRO,01/12/2023,Dec-23,0,0
Congo,COG,AFRO,01/01/2024,Jan-24,4,0
Congo,COG,AFRO,01/02/2024,Feb-24,7,0
Congo,COG,AFRO,01/03/2024,Mar-24,8,0
Congo,COG,AFRO,01/04/2024,Apr-24,0,0
Congo,COG,AFRO,01/05/2024,May-24,0,0
Congo,COG,AFRO,01/06/2024,Jun-24,0,0
Congo,COG,AFRO,01/07/2024,Jul-24,0,0
Congo,COG,AFRO,01/08/2024,Aug-24,2,0
Congo,COG,AFRO,01/09/2024,Sep-24,1,0
Congo,COG,AFRO,01/10/2024,Oct-24,0,0
Costa Rica,CRI,AMRO,01/11/2023,Nov-23,0,0
Costa Rica,CRI,AMRO,01/12/2023,Dec-23,0,0
Costa Rica,CRI,AMRO,01/01/2024,Jan-24,0,0
Costa Rica,CRI,AMRO,01/02/2024,Feb-24,0,0
Costa Rica,CRI,AMRO,01/03/2024,Mar-24,1,0
Costa Rica,CRI,AMRO,01/04/2024,Apr-24,0,0
Costa Rica,CRI,AMRO,01/05/2024,May-24,0,0
Costa Rica,CRI,AMRO,01/06/2024,Jun-24,0,0
Costa Rica,CRI,AMRO,01/07/2024,Jul-24,0,0
Costa Rica,CRI,AMRO,01/08/2024,Aug-24,0,0
Costa Rica,CRI,AMRO,01/09/2024,Sep-24,0,0
Costa Rica,CRI,AMRO,01/10/2024,Oct-24,0,0
Croatia,HRV,EURO,01/11/2023,Nov-23,0,0
Croatia,HRV,EURO,01/12/2023,Dec-23,0,0
Croatia,HRV,EURO,01/01/2024,Jan-24,0,0
Croatia,HRV,EURO,01/02/2024,Feb-24,0,0
Croatia,HRV,EURO,01/03/2024,Mar-24,0,0
Croatia,HRV,EURO,01/04/2024,Apr-24,1,0
Croatia,HRV,EURO,01/05/2024,May-24,0,0
Croatia,HRV,EURO,01/06/2024,Jun-24,0,0
Croatia,HRV,EURO,01/07/2024,Jul-24,0,0
Croatia,HRV,EURO,01/08/2024,Aug-24,0,0
Croatia,HRV,EURO,01/09/2024,Sep-24,0,0
Croatia,HRV,EURO,01/10/2024,Oct-24,0,0
Cuba,CUB,AMRO,01/11/2023,Nov-23,0,0
Cuba,CUB,AMRO,01/12/2023,Dec-23,0,0
Cuba,CUB,AMRO,01/01/2024,Jan-24,0,0
Cuba,CUB,AMRO,01/02/2024,Feb-24,0,0
Cuba,CUB,AMRO,01/03/2024,Mar-24,0,0
Cuba,CUB,AMRO,01/04/2024,Apr-24,0,0
Cuba,CUB,AMRO,01/05/2024,May-24,0,0
Cuba,CUB,AMRO,01/06/2024,Jun-24,0,0
Cuba,CUB,AMRO,01/07/2024,Jul-24,0,0
Cuba,CUB,AMRO,01/08/2024,Aug-24,0,0
Cuba,CUB,AMRO,01/09/2024,Sep-24,0,0
Cuba,CUB,AMRO,01/10/2024,Oct-24,0,0
Curaçao,CUW,AMRO,01/11/2023,Nov-23,0,0
Curaçao,CUW,AMRO,01/12/2023,Dec-23,0,0
Curaçao,CUW,AMRO,01/01/2024,Jan-24,0,0
Curaçao,CUW,AMRO,01/02/2024,Feb-24,0,0
Curaçao,CUW,AMRO,01/03/2024,Mar-24,0,0
Curaçao,CUW,AMRO,01/04/2024,Apr-24,0,0
Curaçao,CUW,AMRO,01/05/2024,May-24,0,0
Curaçao,CUW,AMRO,01/06/2024,Jun-24,0,0
Curaçao,CUW,AMRO,01/07/2024,Jul-24,0,0
Curaçao,CUW,AMRO,01/08/2024,Aug-24,0,0
Curaçao,CUW,AMRO,01/09/2024,Sep-24,0,0
Curaçao,CUW,AMRO,01/10/2024,Oct-24,0,0
Cyprus,CYP,EURO,01/11/2023,Nov-23,0,0
Cyprus,CYP,EURO,01/12/2023,Dec-23,0,0
Cyprus,CYP,EURO,01/01/2024,Jan-24,0,0
Cyprus,CYP,EURO,01/02/2024,Feb-24,0,0
Cyprus,CYP,EURO,01/03/2024,Mar-24,0,0
Cyprus,CYP,EURO,01/04/2024,Apr-24,0,0
Cyprus,CYP,EURO,01/05/2024,May-24,0,0
Cyprus,CYP,EURO,01/06/2024,Jun-24,0,0
Cyprus,CYP,EURO,01/07/2024,Jul-24,0,0
Cyprus,CYP,EURO,01/08/2024,Aug-24,0,0
Cyprus,CYP,EURO,01/09/2024,Sep-24,0,0
Cyprus,CYP,EURO,01/10/2024,Oct-24,0,0
Czechia,CZE,EURO,01/11/2023,Nov-23,0,0
Czechia,CZE,EURO,01/12/2023,Dec-23,0,0
Czechia,CZE,EURO,01/01/2024,Jan-24,1,0
Czechia,CZE,EURO,01/02/2024,Feb-24,6,0
Czechia,CZE,EURO,01/03/2024,Mar-24,0,0
Czechia,CZE,EURO,01/04/2024,Apr-24,3,0
Czechia,CZE,EURO,01/05/2024,May-24,1,0
Czechia,CZE,EURO,01/06/2024,Jun-24,0,0
Czechia,CZE,EURO,01/07/2024,Jul-24,0,0
Czechia,CZE,EURO,01/08/2024,Aug-24,3,0
Czechia,CZE,EURO,01/09/2024,Sep-24,2,0
Czechia,CZE,EURO,01/10/2024,Oct-24,3,0
Côte d’Ivoire,CIV,AFRO,01/06/2024,Jun-24,0,0
Côte d’Ivoire,CIV,AFRO,01/07/2024,Jul-24,9,0
Côte d’Ivoire,CIV,AFRO,01/08/2024,Aug-24,34,1
Côte d’Ivoire,CIV,AFRO,01/09/2024,Sep-24,29,0
Côte d’Ivoire,CIV,AFRO,01/10/2024,Oct-24,19,0
Democratic Republic of the Congo,COD,AFRO,01/11/2023,Nov-23,125,0
Democratic Republic of the Congo,COD,AFRO,01/12/2023,Dec-23,74,0
Democratic Republic of the Congo,COD,AFRO,01/01/2024,Jan-24,322,1
Democratic Republic of the Congo,COD,AFRO,01/02/2024,Feb-24,289,0
Democratic Republic of the Congo,COD,AFRO,01/03/2024,Mar-24,372,1
Democratic Republic of the Congo,COD,AFRO,01/04/2024,Apr-24,536,4
Democratic Republic of the Congo,COD,AFRO,01/05/2024,May-24,768,5
Democratic Republic of the Congo,COD,AFRO,01/06/2024,Jun-24,1187,9
Democratic Republic of the Congo,COD,AFRO,01/07/2024,Jul-24,1391,5
Democratic Republic of the Congo,COD,AFRO,01/08/2024,Aug-24,1305,2
Democratic Republic of the Congo,COD,AFRO,01/09/2024,Sep-24,1744,11
Democratic Republic of the Congo,COD,AFRO,01/10/2024,Oct-24,1306,5
Denmark,DNK,EURO,01/11/2023,Nov-23,0,0
Denmark,DNK,EURO,01/12/2023,Dec-23,0,0
Denmark,DNK,EURO,01/01/2024,Jan-24,0,0
Denmark,DNK,EURO,01/02/2024,Feb-24,0,0
Denmark,DNK,EURO,01/03/2024,Mar-24,0,0
Denmark,DNK,EURO,01/04/2024,Apr-24,0,0
Denmark,DNK,EURO,01/05/2024,May-24,0,0
Denmark,DNK,EURO,01/06/2024,Jun-24,0,0
Denmark,DNK,EURO,01/07/2024,Jul-24,5,0
Denmark,DNK,EURO,01/08/2024,Aug-24,1,0
Denmark,DNK,EURO,01/09/2024,Sep-24,5,0
Denmark,DNK,EURO,01/10/2024,Oct-24,0,0
Dominican Republic,DOM,AMRO,01/11/2023,Nov-23,0,0
Dominican Republic,DOM,AMRO,01/12/2023,Dec-23,0,0
Dominican Republic,DOM,AMRO,01/01/2024,Jan-24,0,0
Dominican Republic,DOM,AMRO,01/02/2024,Feb-24,4,0
Dominican Republic,DOM,AMRO,01/03/2024,Mar-24,2,0
Dominican Republic,DOM,AMRO,01/04/2024,Apr-24,2,0
Dominican Republic,DOM,AMRO,01/05/2024,May-24,0,0
Dominican Republic,DOM,AMRO,01/06/2024,Jun-24,0,0
Dominican Republic,DOM,AMRO,01/07/2024,Jul-24,0,0
Dominican Republic,DOM,AMRO,01/08/2024,Aug-24,0,0
Dominican Republic,DOM,AMRO,01/09/2024,Sep-24,0,0
Dominican Republic,DOM,AMRO,01/10/2024,Oct-24,0,0
Ecuador,ECU,AMRO,01/11/2023,Nov-23,1,0
Ecuador,ECU,AMRO,01/12/2023,Dec-23,11,0
Ecuador,ECU,AMRO,01/01/2024,Jan-24,1,0
Ecuador,ECU,AMRO,01/02/2024,Feb-24,0,0
Ecuador,ECU,AMRO,01/03/2024,Mar-24,1,0
Ecuador,ECU,AMRO,01/04/2024,Apr-24,1,0
Ecuador,ECU,AMRO,01/05/2024,May-24,1,0
Ecuador,ECU,AMRO,01/06/2024,Jun-24,0,0
Ecuador,ECU,AMRO,01/07/2024,Jul-24,1,0
Ecuador,ECU,AMRO,01/08/2024,Aug-24,8,0
Ecuador,ECU,AMRO,01/09/2024,Sep-24,10,0
Ecuador,ECU,AMRO,01/10/2024,Oct-24,1,0
El Salvador,SLV,AMRO,01/11/2023,Nov-23,0,0
El Salvador,SLV,AMRO,01/12/2023,Dec-23,0,0
El Salvador,SLV,AMRO,01/01/2024,Jan-24,0,0
El Salvador,SLV,AMRO,01/02/2024,Feb-24,0,0
El Salvador,SLV,AMRO,01/03/2024,Mar-24,0,0
El Salvador,SLV,AMRO,01/04/2024,Apr-24,0,0
El Salvador,SLV,AMRO,01/05/2024,May-24,0,0
El Salvador,SLV,AMRO,01/06/2024,Jun-24,0,0
El Salvador,SLV,AMRO,01/07/2024,Jul-24,0,0
El Salvador,SLV,AMRO,01/08/2024,Aug-24,0,0
El Salvador,SLV,AMRO,01/09/2024,Sep-24,0,0
El Salvador,SLV,AMRO,01/10/2024,Oct-24,0,0
Estonia,EST,EURO,01/11/2023,Nov-23,0,0
Estonia,EST,EURO,01/12/2023,Dec-23,0,0
Estonia,EST,EURO,01/01/2024,Jan-24,0,0
Estonia,EST,EURO,01/02/2024,Feb-24,0,0
Estonia,EST,EURO,01/03/2024,Mar-24,0,0
Estonia,EST,EURO,01/04/2024,Apr-24,0,0
Estonia,EST,EURO,01/05/2024,May-24,0,0
Estonia,EST,EURO,01/06/2024,Jun-24,0,0
Estonia,EST,EURO,01/07/2024,Jul-24,0,0
Estonia,EST,EURO,01/08/2024,Aug-24,0,0
Estonia,EST,EURO,01/09/2024,Sep-24,0,0
Estonia,EST,EURO,01/10/2024,Oct-24,0,0
Finland,FIN,EURO,01/11/2023,Nov-23,0,0
Finland,FIN,EURO,01/12/2023,Dec-23,0,0
Finland,FIN,EURO,01/01/2024,Jan-24,-1,0
Finland,FIN,EURO,01/02/2024,Feb-24,1,0
Finland,FIN,EURO,01/03/2024,Mar-24,0,0
Finland,FIN,EURO,01/04/2024,Apr-24,0,0
Finland,FIN,EURO,01/05/2024,May-24,0,0
Finland,FIN,EURO,01/06/2024,Jun-24,0,0
Finland,FIN,EURO,01/07/2024,Jul-24,0,0
Finland,FIN,EURO,01/08/2024,Aug-24,0,0
Finland,FIN,EURO,01/09/2024,Sep-24,0,0
Finland,FIN,EURO,01/10/2024,Oct-24,0,0
France,FRA,EURO,01/11/2023,Nov-23,3,0
France,FRA,EURO,01/12/2023,Dec-23,7,0
France,FRA,EURO,01/01/2024,Jan-24,8,0
France,FRA,EURO,01/02/2024,Feb-24,16,0
France,FRA,EURO,01/03/2024,Mar-24,11,0
France,FRA,EURO,01/04/2024,Apr-24,12,0
France,FRA,EURO,01/05/2024,May-24,31,0
France,FRA,EURO,01/06/2024,Jun-24,23,0
France,FRA,EURO,01/07/2024,Jul-24,11,0
France,FRA,EURO,01/08/2024,Aug-24,24,0
France,FRA,EURO,01/09/2024,Sep-24,27,0
France,FRA,EURO,01/10/2024,Oct-24,29,0
Gabon,GAB,AFRO,01/08/2024,Aug-24,1,0
Gabon,GAB,AFRO,01/09/2024,Sep-24,1,0
Gabon,GAB,AFRO,01/10/2024,Oct-24,0,0
Georgia,GEO,EURO,01/11/2023,Nov-23,0,0
Georgia,GEO,EURO,01/12/2023,Dec-23,0,0
Georgia,GEO,EURO,01/01/2024,Jan-24,0,0
Georgia,GEO,EURO,01/02/2024,Feb-24,0,0
Georgia,GEO,EURO,01/03/2024,Mar-24,0,0
Georgia,GEO,EURO,01/04/2024,Apr-24,0,0
Georgia,GEO,EURO,01/05/2024,May-24,0,0
Georgia,GEO,EURO,01/06/2024,Jun-24,0,0
Georgia,GEO,EURO,01/07/2024,Jul-24,0,0
Georgia,GEO,EURO,01/08/2024,Aug-24,0,0
Georgia,GEO,EURO,01/09/2024,Sep-24,0,0
Georgia,GEO,EURO,01/10/2024,Oct-24,0,0
Germany,DEU,EURO,01/11/2023,Nov-23,22,0
Germany,DEU,EURO,01/12/2023,Dec-23,21,0
Germany,DEU,EURO,01/01/2024,Jan-24,7,0
Germany,DEU,EURO,01/02/2024,Feb-24,9,0
Germany,DEU,EURO,01/03/2024,Mar-24,14,0
Germany,DEU,EURO,01/04/2024,Apr-24,11,0
Germany,DEU,EURO,01/05/2024,May-24,6,0
Germany,DEU,EURO,01/06/2024,Jun-24,10,0
Germany,DEU,EURO,01/07/2024,Jul-24,29,0
Germany,DEU,EURO,01/08/2024,Aug-24,23,0
Germany,DEU,EURO,01/09/2024,Sep-24,23,0
Germany,DEU,EURO,01/10/2024,Oct-24,48,0
Ghana,GHA,AFRO,01/11/2023,Nov-23,0,0
Ghana,GHA,AFRO,01/12/2023,Dec-23,0,0
Ghana,GHA,AFRO,01/01/2024,Jan-24,0,0
Ghana,GHA,AFRO,01/02/2024,Feb-24,0,0
Ghana,GHA,AFRO,01/03/2024,Mar-24,0,0
Ghana,GHA,AFRO,01/04/2024,Apr-24,0,0
Ghana,GHA,AFRO,01/05/2024,May-24,0,0
Ghana,GHA,AFRO,01/06/2024,Jun-24,0,0
Ghana,GHA,AFRO,01/07/2024,Jul-24,0,0
Ghana,GHA,AFRO,01/08/2024,Aug-24,0,0
Ghana,GHA,AFRO,01/09/2024,Sep-24,0,0
Ghana,GHA,AFRO,01/10/2024,Oct-24,2,0
Gibraltar,GIB,EURO,01/11/2023,Nov-23,0,0
Gibraltar,GIB,EURO,01/12/2023,Dec-23,0,0
Gibraltar,GIB,EURO,01/01/2024,Jan-24,0,0
Gibraltar,GIB,EURO,01/02/2024,Feb-24,0,0
Gibraltar,GIB,EURO,01/03/2024,Mar-24,0,0
Gibraltar,GIB,EURO,01/04/2024,Apr-24,0,0
Gibraltar,GIB,EURO,01/05/2024,May-24,0,0
Gibraltar,GIB,EURO,01/06/2024,Jun-24,0,0
Gibraltar,GIB,EURO,01/07/2024,Jul-24,0,0
Gibraltar,GIB,EURO,01/08/2024,Aug-24,0,0
Gibraltar,GIB,EURO,01/09/2024,Sep-24,0,0
Gibraltar,GIB,EURO,01/10/2024,Oct-24,0,0
Greece,GRC,EURO,01/11/2023,Nov-23,1,0
Greece,GRC,EURO,01/12/2023,Dec-23,0,0
Greece,GRC,EURO,01/01/2024,Jan-24,2,0
Greece,GRC,EURO,01/02/2024,Feb-24,0,0
Greece,GRC,EURO,01/03/2024,Mar-24,1,0
Greece,GRC,EURO,01/04/2024,Apr-24,6,0
Greece,GRC,EURO,01/05/2024,May-24,1,0
Greece,GRC,EURO,01/06/2024,Jun-24,0,0
Greece,GRC,EURO,01/07/2024,Jul-24,0,0
Greece,GRC,EURO,01/08/2024,Aug-24,0,0
Greece,GRC,EURO,01/09/2024,Sep-24,3,0
Greece,GRC,EURO,01/10/2024,Oct-24,0,0
Greenland,GRL,EURO,01/11/2023,Nov-23,0,0
Greenland,GRL,EURO,01/12/2023,Dec-23,0,0
Greenland,GRL,EURO,01/01/2024,Jan-24,0,0
Greenland,GRL,EURO,01/02/2024,Feb-24,0,0
Greenland,GRL,EURO,01/03/2024,Mar-24,0,0
Greenland,GRL,EURO,01/04/2024,Apr-24,0,0
Greenland,GRL,EURO,01/05/2024,May-24,0,0
Greenland,GRL,EURO,01/06/2024,Jun-24,0,0
Greenland,GRL,EURO,01/07/2024,Jul-24,0,0
Greenland,GRL,EURO,01/08/2024,Aug-24,0,0
Greenland,GRL,EURO,01/09/2024,Sep-24,0,0
Greenland,GRL,EURO,01/10/2024,Oct-24,0,0
Guadeloupe,GLP,AMRO,01/11/2023,Nov-23,0,0
Guadeloupe,GLP,AMRO,01/12/2023,Dec-23,0,0
Guadeloupe,GLP,AMRO,01/01/2024,Jan-24,0,0
Guadeloupe,GLP,AMRO,01/02/2024,Feb-24,0,0
Guadeloupe,GLP,AMRO,01/03/2024,Mar-24,0,0
Guadeloupe,GLP,AMRO,01/04/2024,Apr-24,0,0
Guadeloupe,GLP,AMRO,01/05/2024,May-24,0,0
Guadeloupe,GLP,AMRO,01/06/2024,Jun-24,0,0
Guadeloupe,GLP,AMRO,01/07/2024,Jul-24,0,0
Guadeloupe,GLP,AMRO,01/08/2024,Aug-24,0,0
Guadeloupe,GLP,AMRO,01/09/2024,Sep-24,0,0
Guadeloupe,GLP,AMRO,01/10/2024,Oct-24,0,0
Guatemala,GTM,AMRO,01/11/2023,Nov-23,0,0
Guatemala,GTM,AMRO,01/12/2023,Dec-23,0,0
Guatemala,GTM,AMRO,01/01/2024,Jan-24,1,0
Guatemala,GTM,AMRO,01/02/2024,Feb-24,0,0
Guatemala,GTM,AMRO,01/03/2024,Mar-24,0,0
Guatemala,GTM,AMRO,01/04/2024,Apr-24,0,0
Guatemala,GTM,AMRO,01/05/2024,May-24,0,0
Guatemala,GTM,AMRO,01/06/2024,Jun-24,0,0
Guatemala,GTM,AMRO,01/07/2024,Jul-24,0,0
Guatemala,GTM,AMRO,01/08/2024,Aug-24,0,0
Guatemala,GTM,AMRO,01/09/2024,Sep-24,0,0
Guatemala,GTM,AMRO,01/10/2024,Oct-24,0,0
Guinea,GIN,AFRO,01/08/2024,Aug-24,0,0
Guinea,GIN,AFRO,01/09/2024,Sep-24,1,0
Guinea,GIN,AFRO,01/10/2024,Oct-24,0,0
Guyana,GUY,AMRO,01/11/2023,Nov-23,0,0
Guyana,GUY,AMRO,01/12/2023,Dec-23,0,0
Guyana,GUY,AMRO,01/01/2024,Jan-24,0,0
Guyana,GUY,AMRO,01/02/2024,Feb-24,0,0
Guyana,GUY,AMRO,01/03/2024,Mar-24,0,0
Guyana,GUY,AMRO,01/04/2024,Apr-24,0,0
Guyana,GUY,AMRO,01/05/2024,May-24,0,0
Guyana,GUY,AMRO,01/06/2024,Jun-24,0,0
Guyana,GUY,AMRO,01/07/2024,Jul-24,0,0
Guyana,GUY,AMRO,01/08/2024,Aug-24,0,0
Guyana,GUY,AMRO,01/09/2024,Sep-24,0,0
Guyana,GUY,AMRO,01/10/2024,Oct-24,0,0
Honduras,HND,AMRO,01/11/2023,Nov-23,0,0
Honduras,HND,AMRO,01/12/2023,Dec-23,0,0
Honduras,HND,AMRO,01/01/2024,Jan-24,0,0
Honduras,HND,AMRO,01/02/2024,Feb-24,0,0
Honduras,HND,AMRO,01/03/2024,Mar-24,0,0
Honduras,HND,AMRO,01/04/2024,Apr-24,0,0
Honduras,HND,AMRO,01/05/2024,May-24,0,0
Honduras,HND,AMRO,01/06/2024,Jun-24,0,0
Honduras,HND,AMRO,01/07/2024,Jul-24,0,0
Honduras,HND,AMRO,01/08/2024,Aug-24,0,0
Honduras,HND,AMRO,01/09/2024,Sep-24,0,0
Honduras,HND,AMRO,01/10/2024,Oct-24,0,0
Hungary,HUN,EURO,01/11/2023,Nov-23,0,0
Hungary,HUN,EURO,01/12/2023,Dec-23,1,0
Hungary,HUN,EURO,01/01/2024,Jan-24,1,0
Hungary,HUN,EURO,01/02/2024,Feb-24,0,0
Hungary,HUN,EURO,01/03/2024,Mar-24,0,0
Hungary,HUN,EURO,01/04/2024,Apr-24,0,0
Hungary,HUN,EURO,01/05/2024,May-24,0,0
Hungary,HUN,EURO,01/06/2024,Jun-24,2,0
Hungary,HUN,EURO,01/07/2024,Jul-24,0,0
Hungary,HUN,EURO,01/08/2024,Aug-24,0,0
Hungary,HUN,EURO,01/09/2024,Sep-24,0,0
Hungary,HUN,EURO,01/10/2024,Oct-24,0,0
Iceland,ISL,EURO,01/11/2023,Nov-23,0,0
Iceland,ISL,EURO,01/12/2023,Dec-23,0,0
Iceland,ISL,EURO,01/01/2024,Jan-24,0,0
Iceland,ISL,EURO,01/02/2024,Feb-24,0,0
Iceland,ISL,EURO,01/03/2024,Mar-24,0,0
Iceland,ISL,EURO,01/04/2024,Apr-24,0,0
Iceland,ISL,EURO,01/05/2024,May-24,0,0
Iceland,ISL,EURO,01/06/2024,Jun-24,0,0
Iceland,ISL,EURO,01/07/2024,Jul-24,0,0
Iceland,ISL,EURO,01/08/2024,Aug-24,0,0
Iceland,ISL,EURO,01/09/2024,Sep-24,0,0
Iceland,ISL,EURO,01/10/2024,Oct-24,0,0
India,IND,SEARO,01/11/2023,Nov-23,0,0
India,IND,SEARO,01/12/2023,Dec-23,0,0
India,IND,SEARO,01/01/2024,Jan-24,0,0
India,IND,SEARO,01/02/2024,Feb-24,0,0
India,IND,SEARO,01/03/2024,Mar-24,0,0
India,IND,SEARO,01/04/2024,Apr-24,0,0
India,IND,SEARO,01/05/2024,May-24,0,0
India,IND,SEARO,01/06/2024,Jun-24,0,0
India,IND,SEARO,01/07/2024,Jul-24,0,0
India,IND,SEARO,01/08/2024,Aug-24,3,0
India,IND,SEARO,01/09/2024,Sep-24,3,0
India,IND,SEARO,01/10/2024,Oct-24,0,0
Indonesia,IDN,SEARO,01/11/2023,Nov-23,30,0
Indonesia,IDN,SEARO,01/12/2023,Dec-23,13,0
Indonesia,IDN,SEARO,01/01/2024,Jan-24,7,0
Indonesia,IDN,SEARO,01/02/2024,Feb-24,4,0
Indonesia,IDN,SEARO,01/03/2024,Mar-24,0,0
Indonesia,IDN,SEARO,01/04/2024,Apr-24,2,0
Indonesia,IDN,SEARO,01/05/2024,May-24,1,0
Indonesia,IDN,SEARO,01/06/2024,Jun-24,1,0
Indonesia,IDN,SEARO,01/07/2024,Jul-24,0,0
Indonesia,IDN,SEARO,01/08/2024,Aug-24,0,0
Indonesia,IDN,SEARO,01/09/2024,Sep-24,0,0
Indonesia,IDN,SEARO,01/10/2024,Oct-24,0,0
Ireland,IRL,EURO,01/11/2023,Nov-23,2,0
Ireland,IRL,EURO,01/12/2023,Dec-23,0,0
Ireland,IRL,EURO,01/01/2024,Jan-24,0,0
Ireland,IRL,EURO,01/02/2024,Feb-24,1,0
Ireland,IRL,EURO,01/03/2024,Mar-24,0,0
Ireland,IRL,EURO,01/04/2024,Apr-24,1,0
Ireland,IRL,EURO,01/05/2024,May-24,1,0
Ireland,IRL,EURO,01/06/2024,Jun-24,2,0
Ireland,IRL,EURO,01/07/2024,Jul-24,0,0
Ireland,IRL,EURO,01/08/2024,Aug-24,1,0
Ireland,IRL,EURO,01/09/2024,Sep-24,3,0
Ireland,IRL,EURO,01/10/2024,Oct-24,8,0
Israel,ISR,EURO,01/11/2023,Nov-23,0,0
Israel,ISR,EURO,01/12/2023,Dec-23,13,0
Israel,ISR,EURO,01/01/2024,Jan-24,0,0
Israel,ISR,EURO,01/02/2024,Feb-24,18,0
Israel,ISR,EURO,01/03/2024,Mar-24,0,0
Israel,ISR,EURO,01/04/2024,Apr-24,1,0
Israel,ISR,EURO,01/05/2024,May-24,18,0
Israel,ISR,EURO,01/06/2024,Jun-24,2,0
Israel,ISR,EURO,01/07/2024,Jul-24,3,0
Israel,ISR,EURO,01/08/2024,Aug-24,4,0
Israel,ISR,EURO,01/09/2024,Sep-24,4,0
Israel,ISR,EURO,01/10/2024,Oct-24,0,0
Italy,ITA,EURO,01/11/2023,Nov-23,6,0
Italy,ITA,EURO,01/12/2023,Dec-23,17,0
Italy,ITA,EURO,01/01/2024,Jan-24,26,0
Italy,ITA,EURO,01/02/2024,Feb-24,13,0
Italy,ITA,EURO,01/03/2024,Mar-24,14,0
Italy,ITA,EURO,01/04/2024,Apr-24,1,0
Italy,ITA,EURO,01/05/2024,May-24,4,0
Italy,ITA,EURO,01/06/2024,Jun-24,2,0
Italy,ITA,EURO,01/07/2024,Jul-24,7,0
Italy,ITA,EURO,01/08/2024,Aug-24,1,0
Italy,ITA,EURO,01/09/2024,Sep-24,5,0
Italy,ITA,EURO,01/10/2024,Oct-24,10,0
Jamaica,JAM,AMRO,01/11/2023,Nov-23,0,0
Jamaica,JAM,AMRO,01/12/2023,Dec-23,0,0
Jamaica,JAM,AMRO,01/01/2024,Jan-24,0,0
Jamaica,JAM,AMRO,01/02/2024,Feb-24,0,0
Jamaica,JAM,AMRO,01/03/2024,Mar-24,0,0
Jamaica,JAM,AMRO,01/04/2024,Apr-24,0,0
Jamaica,JAM,AMRO,01/05/2024,May-24,0,0
Jamaica,JAM,AMRO,01/06/2024,Jun-24,0,0
Jamaica,JAM,AMRO,01/07/2024,Jul-24,0,0
Jamaica,JAM,AMRO,01/08/2024,Aug-24,0,0
Jamaica,JAM,AMRO,01/09/2024,Sep-24,0,0
Jamaica,JAM,AMRO,01/10/2024,Oct-24,0,0
Japan,JPN,WPRO,01/11/2023,Nov-23,12,0
Japan,JPN,WPRO,01/12/2023,Dec-23,7,1
Japan,JPN,WPRO,01/01/2024,Jan-24,2,0
Japan,JPN,WPRO,01/02/2024,Feb-24,6,0
Japan,JPN,WPRO,01/03/2024,Mar-24,2,0
Japan,JPN,WPRO,01/04/2024,Apr-24,3,0
Japan,JPN,WPRO,01/05/2024,May-24,2,0
Japan,JPN,WPRO,01/08/2024,Aug-24,1,0
Japan,JPN,WPRO,01/10/2024,Oct-24,3,0
Jordan,JOR,EMRO,01/09/2024,Sep-24,1,0
Kenya,KEN,AFRO,01/07/2024,Jul-24,1,0
Kenya,KEN,AFRO,01/08/2024,Aug-24,1,0
Kenya,KEN,AFRO,01/09/2024,Sep-24,6,0
Kenya,KEN,AFRO,01/10/2024,Oct-24,6,1
Latvia,LVA,EURO,01/11/2023,Nov-23,0,0
Latvia,LVA,EURO,01/12/2023,Dec-23,0,0
Latvia,LVA,EURO,01/01/2024,Jan-24,0,0
Latvia,LVA,EURO,01/02/2024,Feb-24,0,0
Latvia,LVA,EURO,01/03/2024,Mar-24,0,0
Latvia,LVA,EURO,01/04/2024,Apr-24,0,0
Latvia,LVA,EURO,01/05/2024,May-24,0,0
Latvia,LVA,EURO,01/06/2024,Jun-24,0,0
Latvia,LVA,EURO,01/07/2024,Jul-24,0,0
Latvia,LVA,EURO,01/08/2024,Aug-24,0,0
Latvia,LVA,EURO,01/09/2024,Sep-24,0,0
Latvia,LVA,EURO,01/10/2024,Oct-24,0,0
Liberia,LBR,AFRO,01/11/2023,Nov-23,3,0
Liberia,LBR,AFRO,01/12/2023,Dec-23,2,0
Liberia,LBR,AFRO,01/01/2024,Jan-24,1,0
Liberia,LBR,AFRO,01/02/2024,Feb-24,2,0
Liberia,LBR,AFRO,01/03/2024,Mar-24,2,0
Liberia,LBR,AFRO,01/04/2024,Apr-24,0,0
Liberia,LBR,AFRO,01/05/2024,May-24,0,0
Liberia,LBR,AFRO,01/06/2024,Jun-24,0,0
Liberia,LBR,AFRO,01/07/2024,Jul-24,0,0
Liberia,LBR,AFRO,01/08/2024,Aug-24,1,0
Liberia,LBR,AFRO,01/09/2024,Sep-24,8,0
Liberia,LBR,AFRO,01/10/2024,Oct-24,6,0
Lithuania,LTU,EURO,01/11/2023,Nov-23,0,0
Lithuania,LTU,EURO,01/12/2023,Dec-23,0,0
Lithuania,LTU,EURO,01/01/2024,Jan-24,0,0
Lithuania,LTU,EURO,01/02/2024,Feb-24,0,0
Lithuania,LTU,EURO,01/03/2024,Mar-24,0,0
Lithuania,LTU,EURO,01/04/2024,Apr-24,0,0
Lithuania,LTU,EURO,01/05/2024,May-24,0,0
Lithuania,LTU,EURO,01/06/2024,Jun-24,0,0
Lithuania,LTU,EURO,01/07/2024,Jul-24,0,0
Lithuania,LTU,EURO,01/08/2024,Aug-24,0,0
Lithuania,LTU,EURO,01/09/2024,Sep-24,1,0
Lithuania,LTU,EURO,01/10/2024,Oct-24,0,0
Luxembourg,LUX,EURO,01/11/2023,Nov-23,0,0
Luxembourg,LUX,EURO,01/12/2023,Dec-23,0,0
Luxembourg,LUX,EURO,01/01/2024,Jan-24,0,0
Luxembourg,LUX,EURO,01/02/2024,Feb-24,1,0
Luxembourg,LUX,EURO,01/03/2024,Mar-24,0,0
Luxembourg,LUX,EURO,01/04/2024,Apr-24,0,0
Luxembourg,LUX,EURO,01/05/2024,May-24,0,0
Luxembourg,LUX,EURO,01/06/2024,Jun-24,0,0
Luxembourg,LUX,EURO,01/07/2024,Jul-24,0,0
Luxembourg,LUX,EURO,01/08/2024,Aug-24,0,0
Luxembourg,LUX,EURO,01/09/2024,Sep-24,0,0
Luxembourg,LUX,EURO,01/10/2024,Oct-24,1,0
Malaysia,MYS,WPRO,01/11/2023,Nov-23,5,0
Malaysia,MYS,WPRO,01/09/2024,Sep-24,1,0
Malta,MLT,EURO,01/11/2023,Nov-23,0,0
Malta,MLT,EURO,01/12/2023,Dec-23,0,0
Malta,MLT,EURO,01/01/2024,Jan-24,0,0
Malta,MLT,EURO,01/02/2024,Feb-24,0,0
Malta,MLT,EURO,01/03/2024,Mar-24,0,0
Malta,MLT,EURO,01/04/2024,Apr-24,0,0
Malta,MLT,EURO,01/05/2024,May-24,0,0
Malta,MLT,EURO,01/06/2024,Jun-24,0,0
Malta,MLT,EURO,01/07/2024,Jul-24,0,0
Malta,MLT,EURO,01/08/2024,Aug-24,2,0
Malta,MLT,EURO,01/09/2024,Sep-24,0,0
Malta,MLT,EURO,01/10/2024,Oct-24,1,0
Martinique,MTQ,AMRO,01/11/2023,Nov-23,0,0
Martinique,MTQ,AMRO,01/12/2023,Dec-23,0,0
Martinique,MTQ,AMRO,01/01/2024,Jan-24,0,0
Martinique,MTQ,AMRO,01/02/2024,Feb-24,0,0
Martinique,MTQ,AMRO,01/03/2024,Mar-24,0,0
Martinique,MTQ,AMRO,01/04/2024,Apr-24,0,0
Martinique,MTQ,AMRO,01/05/2024,May-24,0,0
Martinique,MTQ,AMRO,01/06/2024,Jun-24,0,0
Martinique,MTQ,AMRO,01/07/2024,Jul-24,0,0
Martinique,MTQ,AMRO,01/08/2024,Aug-24,0,0
Martinique,MTQ,AMRO,01/09/2024,Sep-24,0,0
Martinique,MTQ,AMRO,01/10/2024,Oct-24,0,0
Mauritius,MUS,AFRO,01/10/2024,Oct-24,1,0
Mexico,MEX,AMRO,01/11/2023,Nov-23,9,0
Mexico,MEX,AMRO,01/12/2023,Dec-23,0,0
Mexico,MEX,AMRO,01/01/2024,Jan-24,4,0
Mexico,MEX,AMRO,01/02/2024,Feb-24,1,0
Mexico,MEX,AMRO,01/03/2024,Mar-24,4,0
Mexico,MEX,AMRO,01/04/2024,Apr-24,9,0
Mexico,MEX,AMRO,01/05/2024,May-24,17,0
Mexico,MEX,AMRO,01/06/2024,Jun-24,11,0
Mexico,MEX,AMRO,01/07/2024,Jul-24,8,1
Mexico,MEX,AMRO,01/08/2024,Aug-24,31,0
Mexico,MEX,AMRO,01/09/2024,Sep-24,17,0
Mexico,MEX,AMRO,01/10/2024,Oct-24,3,0
Monaco,MCO,EURO,01/11/2023,Nov-23,0,0
Monaco,MCO,EURO,01/12/2023,Dec-23,0,0
Monaco,MCO,EURO,01/01/2024,Jan-24,0,0
Monaco,MCO,EURO,01/02/2024,Feb-24,0,0
Monaco,MCO,EURO,01/03/2024,Mar-24,0,0
Monaco,MCO,EURO,01/04/2024,Apr-24,0,0
Monaco,MCO,EURO,01/05/2024,May-24,0,0
Monaco,MCO,EURO,01/06/2024,Jun-24,0,0
Monaco,MCO,EURO,01/07/2024,Jul-24,0,0
Monaco,MCO,EURO,01/08/2024,Aug-24,0,0
Monaco,MCO,EURO,01/09/2024,Sep-24,0,0
Monaco,MCO,EURO,01/10/2024,Oct-24,0,0
Montenegro,MNE,EURO,01/11/2023,Nov-23,0,0
Montenegro,MNE,EURO,01/12/2023,Dec-23,0,0
Montenegro,MNE,EURO,01/01/2024,Jan-24,0,0
Montenegro,MNE,EURO,01/02/2024,Feb-24,0,0
Montenegro,MNE,EURO,01/03/2024,Mar-24,0,0
Montenegro,MNE,EURO,01/04/2024,Apr-24,0,0
Montenegro,MNE,EURO,01/05/2024,May-24,0,0
Montenegro,MNE,EURO,01/06/2024,Jun-24,0,0
Montenegro,MNE,EURO,01/07/2024,Jul-24,0,0
Montenegro,MNE,EURO,01/08/2024,Aug-24,0,0
Montenegro,MNE,EURO,01/09/2024,Sep-24,0,0
Montenegro,MNE,EURO,01/10/2024,Oct-24,0,0
Morocco,MAR,EMRO,01/03/2024,Mar-24,1,0
Morocco,MAR,EMRO,01/09/2024,Sep-24,1,0
Morocco,MAR,EMRO,01/10/2024,Oct-24,1,0
Mozambique,MOZ,AFRO,01/11/2023,Nov-23,0,0
Mozambique,MOZ,AFRO,01/12/2023,Dec-23,0,0
Mozambique,MOZ,AFRO,01/01/2024,Jan-24,0,0
Mozambique,MOZ,AFRO,01/02/2024,Feb-24,0,0
Mozambique,MOZ,AFRO,01/03/2024,Mar-24,0,0
Mozambique,MOZ,AFRO,01/04/2024,Apr-24,0,0
Mozambique,MOZ,AFRO,01/05/2024,May-24,0,0
Mozambique,MOZ,AFRO,01/06/2024,Jun-24,0,0
Mozambique,MOZ,AFRO,01/07/2024,Jul-24,0,0
Mozambique,MOZ,AFRO,01/08/2024,Aug-24,0,0
Mozambique,MOZ,AFRO,01/09/2024,Sep-24,0,0
Mozambique,MOZ,AFRO,01/10/2024,Oct-24,0,0
Nepal,NPL,SEARO,01/11/2023,Nov-23,0,0
Nepal,NPL,SEARO,01/12/2023,Dec-23,0,0
Nepal,NPL,SEARO,01/01/2024,Jan-24,0,0
Nepal,NPL,SEARO,01/02/2024,Feb-24,0,0
Nepal,NPL,SEARO,01/03/2024,Mar-24,0,0
Nepal,NPL,SEARO,01/04/2024,Apr-24,0,0
Nepal,NPL,SEARO,01/05/2024,May-24,0,0
Nepal,NPL,SEARO,01/06/2024,Jun-24,0,0
Nepal,NPL,SEARO,01/07/2024,Jul-24,0,0
Nepal,NPL,SEARO,01/08/2024,Aug-24,0,0
Nepal,NPL,SEARO,01/09/2024,Sep-24,0,0
Nepal,NPL,SEARO,01/10/2024,Oct-24,0,0
Netherlands,NLD,EURO,01/11/2023,Nov-23,7,0
Netherlands,NLD,EURO,01/12/2023,Dec-23,2,0
Netherlands,NLD,EURO,01/01/2024,Jan-24,5,0
Netherlands,NLD,EURO,01/02/2024,Feb-24,7,0
Netherlands,NLD,EURO,01/03/2024,Mar-24,0,0
Netherlands,NLD,EURO,01/04/2024,Apr-24,2,0
Netherlands,NLD,EURO,01/05/2024,May-24,1,0
Netherlands,NLD,EURO,01/06/2024,Jun-24,2,0
Netherlands,NLD,EURO,01/07/2024,Jul-24,4,0
Netherlands,NLD,EURO,01/08/2024,Aug-24,19,0
Netherlands,NLD,EURO,01/09/2024,Sep-24,22,0
Netherlands,NLD,EURO,01/10/2024,Oct-24,25,0
New Zealand,NZL,WPRO,01/01/2024,Jan-24,8,0
New Zealand,NZL,WPRO,01/05/2024,May-24,1,0
New Zealand,NZL,WPRO,01/07/2024,Jul-24,2,0
New Zealand,NZL,WPRO,01/10/2024,Oct-24,12,0
Nigeria,NGA,AFRO,01/11/2023,Nov-23,9,0
Nigeria,NGA,AFRO,01/12/2023,Dec-23,6,0
Nigeria,NGA,AFRO,01/01/2024,Jan-24,2,0
Nigeria,NGA,AFRO,01/02/2024,Feb-24,4,0
Nigeria,NGA,AFRO,01/03/2024,Mar-24,12,0
Nigeria,NGA,AFRO,01/04/2024,Apr-24,4,0
Nigeria,NGA,AFRO,01/05/2024,May-24,4,0
Nigeria,NGA,AFRO,01/06/2024,Jun-24,8,0
Nigeria,NGA,AFRO,01/07/2024,Jul-24,4,0
Nigeria,NGA,AFRO,01/08/2024,Aug-24,12,0
Nigeria,NGA,AFRO,01/09/2024,Sep-24,38,0
Nigeria,NGA,AFRO,01/10/2024,Oct-24,30,0
Norway,NOR,EURO,01/11/2023,Nov-23,2,0
Norway,NOR,EURO,01/12/2023,Dec-23,0,0
Norway,NOR,EURO,01/01/2024,Jan-24,1,0
Norway,NOR,EURO,01/02/2024,Feb-24,0,0
Norway,NOR,EURO,01/03/2024,Mar-24,0,0
Norway,NOR,EURO,01/04/2024,Apr-24,1,0
Norway,NOR,EURO,01/05/2024,May-24,0,0
Norway,NOR,EURO,01/06/2024,Jun-24,0,0
Norway,NOR,EURO,01/07/2024,Jul-24,1,0
Norway,NOR,EURO,01/08/2024,Aug-24,2,0
Norway,NOR,EURO,01/09/2024,Sep-24,0,0
Norway,NOR,EURO,01/10/2024,Oct-24,7,0
Oman,OMN,EMRO,01/10/2024,Oct-24,1,0
Pakistan,PAK,EMRO,01/12/2023,Dec-23,1,1
Pakistan,PAK,EMRO,01/01/2024,Jan-24,1,0
Pakistan,PAK,EMRO,01/08/2024,Aug-24,1,0
Panama,PAN,AMRO,01/11/2023,Nov-23,0,0
Panama,PAN,AMRO,01/12/2023,Dec-23,0,0
Panama,PAN,AMRO,01/01/2024,Jan-24,1,0
Panama,PAN,AMRO,01/02/2024,Feb-24,1,0
Panama,PAN,AMRO,01/03/2024,Mar-24,0,0
Panama,PAN,AMRO,01/04/2024,Apr-24,0,0
Panama,PAN,AMRO,01/05/2024,May-24,0,0
Panama,PAN,AMRO,01/06/2024,Jun-24,1,0
Panama,PAN,AMRO,01/07/2024,Jul-24,1,0
Panama,PAN,AMRO,01/08/2024,Aug-24,0,0
Panama,PAN,AMRO,01/09/2024,Sep-24,1,0
Panama,PAN,AMRO,01/10/2024,Oct-24,0,0
Paraguay,PRY,AMRO,01/11/2023,Nov-23,0,0
Paraguay,PRY,AMRO,01/12/2023,Dec-23,0,0
Paraguay,PRY,AMRO,01/01/2024,Jan-24,0,0
Paraguay,PRY,AMRO,01/02/2024,Feb-24,0,0
Paraguay,PRY,AMRO,01/03/2024,Mar-24,0,0
Paraguay,PRY,AMRO,01/04/2024,Apr-24,0,0
Paraguay,PRY,AMRO,01/05/2024,May-24,0,0
Paraguay,PRY,AMRO,01/06/2024,Jun-24,0,0
Paraguay,PRY,AMRO,01/07/2024,Jul-24,0,0
Paraguay,PRY,AMRO,01/08/2024,Aug-24,0,0
Paraguay,PRY,AMRO,01/09/2024,Sep-24,0,0
Paraguay,PRY,AMRO,01/10/2024,Oct-24,0,0
Peru,PER,AMRO,01/11/2023,Nov-23,10,0
Peru,PER,AMRO,01/12/2023,Dec-23,6,0
Peru,PER,AMRO,01/01/2024,Jan-24,8,1
Peru,PER,AMRO,01/02/2024,Feb-24,10,0
Peru,PER,AMRO,01/03/2024,Mar-24,14,1
Peru,PER,AMRO,01/04/2024,Apr-24,14,0
Peru,PER,AMRO,01/05/2024,May-24,11,0
Peru,PER,AMRO,01/06/2024,Jun-24,9,0
Peru,PER,AMRO,01/07/2024,Jul-24,17,0
Peru,PER,AMRO,01/08/2024,Aug-24,3,0
Peru,PER,AMRO,01/09/2024,Sep-24,3,0
Peru,PER,AMRO,01/10/2024,Oct-24,1,0
Philippines,PHL,WPRO,01/12/2023,Dec-23,4,0
Philippines,PHL,WPRO,01/08/2024,Aug-24,5,0
Philippines,PHL,WPRO,01/09/2024,Sep-24,18,0
Poland,POL,EURO,01/11/2023,Nov-23,0,0
Poland,POL,EURO,01/12/2023,Dec-23,0,0
Poland,POL,EURO,01/01/2024,Jan-24,3,0
Poland,POL,EURO,01/02/2024,Feb-24,0,0
Poland,POL,EURO,01/03/2024,Mar-24,1,0
Poland,POL,EURO,01/04/2024,Apr-24,0,0
Poland,POL,EURO,01/05/2024,May-24,2,0
Poland,POL,EURO,01/06/2024,Jun-24,0,0
Poland,POL,EURO,01/07/2024,Jul-24,0,0
Poland,POL,EURO,01/08/2024,Aug-24,2,0
Poland,POL,EURO,01/09/2024,Sep-24,0,0
Poland,POL,EURO,01/10/2024,Oct-24,0,0
Portugal,PRT,EURO,01/11/2023,Nov-23,28,0
Portugal,PRT,EURO,01/12/2023,Dec-23,0,0
Portugal,PRT,EURO,01/01/2024,Jan-24,24,1
Portugal,PRT,EURO,01/02/2024,Feb-24,4,0
Portugal,PRT,EURO,01/03/2024,Mar-24,3,0
Portugal,PRT,EURO,01/04/2024,Apr-24,0,0
Portugal,PRT,EURO,01/05/2024,May-24,0,0
Portugal,PRT,EURO,01/06/2024,Jun-24,0,0
Portugal,PRT,EURO,01/07/2024,Jul-24,3,0
Portugal,PRT,EURO,01/08/2024,Aug-24,10,0
Portugal,PRT,EURO,01/09/2024,Sep-24,21,0
Portugal,PRT,EURO,01/10/2024,Oct-24,0,0
Republic of Korea,KOR,WPRO,01/11/2023,Nov-23,6,0
Republic of Korea,KOR,WPRO,01/04/2024,Apr-24,1,0
Republic of Korea,KOR,WPRO,01/06/2024,Jun-24,3,0
Republic of Korea,KOR,WPRO,01/07/2024,Jul-24,2,0
Republic of Korea,KOR,WPRO,01/08/2024,Aug-24,5,0
Republic of Korea,KOR,WPRO,01/09/2024,Sep-24,2,0
Republic of Korea,KOR,WPRO,01/10/2024,Oct-24,1,0
Republic of Moldova,MDA,EURO,01/11/2023,Nov-23,0,0
Republic of Moldova,MDA,EURO,01/12/2023,Dec-23,0,0
Republic of Moldova,MDA,EURO,01/01/2024,Jan-24,0,0
Republic of Moldova,MDA,EURO,01/02/2024,Feb-24,0,0
Republic of Moldova,MDA,EURO,01/03/2024,Mar-24,0,0
Republic of Moldova,MDA,EURO,01/04/2024,Apr-24,0,0
Republic of Moldova,MDA,EURO,01/05/2024,May-24,0,0
Republic of Moldova,MDA,EURO,01/06/2024,Jun-24,0,0
Republic of Moldova,MDA,EURO,01/07/2024,Jul-24,0,0
Republic of Moldova,MDA,EURO,01/08/2024,Aug-24,0,0
Republic of Moldova,MDA,EURO,01/09/2024,Sep-24,0,0
Republic of Moldova,MDA,EURO,01/10/2024,Oct-24,0,0
Romania,ROU,EURO,01/11/2023,Nov-23,0,0
Romania,ROU,EURO,01/12/2023,Dec-23,0,0
Romania,ROU,EURO,01/01/2024,Jan-24,0,0
Romania,ROU,EURO,01/02/2024,Feb-24,0,0
Romania,ROU,EURO,01/03/2024,Mar-24,0,0
Romania,ROU,EURO,01/04/2024,Apr-24,0,0
Romania,ROU,EURO,01/05/2024,May-24,0,0
Romania,ROU,EURO,01/06/2024,Jun-24,0,0
Romania,ROU,EURO,01/07/2024,Jul-24,0,0
Romania,ROU,EURO,01/08/2024,Aug-24,1,0
Romania,ROU,EURO,01/09/2024,Sep-24,0,0
Romania,ROU,EURO,01/10/2024,Oct-24,0,0
Russian Federation,RUS,EURO,01/11/2023,Nov-23,0,0
Russian Federation,RUS,EURO,01/12/2023,Dec-23,0,0
Russian Federation,RUS,EURO,01/01/2024,Jan-24,2,0
Russian Federation,RUS,EURO,01/02/2024,Feb-24,0,0
Russian Federation,RUS,EURO,01/03/2024,Mar-24,0,0
Russian Federation,RUS,EURO,01/04/2024,Apr-24,0,0
Russian Federation,RUS,EURO,01/05/2024,May-24,0,0
Russian Federation,RUS,EURO,01/06/2024,Jun-24,0,0
Russian Federation,RUS,EURO,01/07/2024,Jul-24,0,0
Russian Federation,RUS,EURO,01/08/2024,Aug-24,0,0
Russian Federation,RUS,EURO,01/09/2024,Sep-24,0,0
Russian Federation,RUS,EURO,01/10/2024,Oct-24,0,0
Rwanda,RWA,AFRO,01/07/2024,Jul-24,4,0
Rwanda,RWA,AFRO,01/08/2024,Aug-24,0,0
Rwanda,RWA,AFRO,01/09/2024,Sep-24,2,0
Rwanda,RWA,AFRO,01/10/2024,Oct-24,20,0
Saint Martin,MAF,AMRO,01/11/2023,Nov-23,0,0
Saint Martin,MAF,AMRO,01/12/2023,Dec-23,0,0
Saint Martin,MAF,AMRO,01/01/2024,Jan-24,0,0
Saint Martin,MAF,AMRO,01/02/2024,Feb-24,0,0
Saint Martin,MAF,AMRO,01/03/2024,Mar-24,0,0
Saint Martin,MAF,AMRO,01/04/2024,Apr-24,0,0
Saint Martin,MAF,AMRO,01/05/2024,May-24,0,0
Saint Martin,MAF,AMRO,01/06/2024,Jun-24,0,0
Saint Martin,MAF,AMRO,01/07/2024,Jul-24,0,0
Saint Martin,MAF,AMRO,01/08/2024,Aug-24,0,0
Saint Martin,MAF,AMRO,01/09/2024,Sep-24,0,0
Saint Martin,MAF,AMRO,01/10/2024,Oct-24,0,0
San Marino,SMR,EURO,01/11/2023,Nov-23,0,0
San Marino,SMR,EURO,01/12/2023,Dec-23,0,0
San Marino,SMR,EURO,01/01/2024,Jan-24,0,0
San Marino,SMR,EURO,01/02/2024,Feb-24,0,0
San Marino,SMR,EURO,01/03/2024,Mar-24,0,0
San Marino,SMR,EURO,01/04/2024,Apr-24,0,0
San Marino,SMR,EURO,01/05/2024,May-24,0,0
San Marino,SMR,EURO,01/06/2024,Jun-24,0,0
San Marino,SMR,EURO,01/07/2024,Jul-24,0,0
San Marino,SMR,EURO,01/08/2024,Aug-24,0,0
San Marino,SMR,EURO,01/09/2024,Sep-24,0,0
San Marino,SMR,EURO,01/10/2024,Oct-24,0,0
Saudi Arabia,SAU,EMRO,01/11/2023,Nov-23,37,0
Saudi Arabia,SAU,EMRO,01/12/2023,Dec-23,17,0
Saudi Arabia,SAU,EMRO,01/01/2024,Jan-24,16,0
Saudi Arabia,SAU,EMRO,01/02/2024,Feb-24,15,0
Saudi Arabia,SAU,EMRO,01/03/2024,Mar-24,20,0
Saudi Arabia,SAU,EMRO,01/04/2024,Apr-24,13,0
Saudi Arabia,SAU,EMRO,01/05/2024,May-24,15,0
Saudi Arabia,SAU,EMRO,01/06/2024,Jun-24,6,0
Saudi Arabia,SAU,EMRO,01/07/2024,Jul-24,9,0
Saudi Arabia,SAU,EMRO,01/08/2024,Aug-24,1,0
Serbia,SRB,EURO,01/11/2023,Nov-23,0,0
Serbia,SRB,EURO,01/12/2023,Dec-23,0,0
Serbia,SRB,EURO,01/01/2024,Jan-24,0,0
Serbia,SRB,EURO,01/02/2024,Feb-24,0,0
Serbia,SRB,EURO,01/03/2024,Mar-24,0,0
Serbia,SRB,EURO,01/04/2024,Apr-24,0,0
Serbia,SRB,EURO,01/05/2024,May-24,0,0
Serbia,SRB,EURO,01/06/2024,Jun-24,0,0
Serbia,SRB,EURO,01/07/2024,Jul-24,0,0
Serbia,SRB,EURO,01/08/2024,Aug-24,0,0
Serbia,SRB,EURO,01/09/2024,Sep-24,0,0
Serbia,SRB,EURO,01/10/2024,Oct-24,0,0
Singapore,SGP,WPRO,01/11/2023,Nov-23,13,0
Singapore,SGP,WPRO,01/12/2023,Dec-23,1,0
Singapore,SGP,WPRO,01/01/2024,Jan-24,1,0
Singapore,SGP,WPRO,01/02/2024,Feb-24,1,0
Singapore,SGP,WPRO,01/03/2024,Mar-24,5,0
Singapore,SGP,WPRO,01/04/2024,Apr-24,2,0
Singapore,SGP,WPRO,01/06/2024,Jun-24,1,0
Singapore,SGP,WPRO,01/07/2024,Jul-24,1,0
Singapore,SGP,WPRO,01/08/2024,Aug-24,3,0
Singapore,SGP,WPRO,01/09/2024,Sep-24,1,0
Singapore,SGP,WPRO,01/10/2024,Oct-24,2,0
Slovakia,SVK,EURO,01/11/2023,Nov-23,0,0
Slovakia,SVK,EURO,01/12/2023,Dec-23,0,0
Slovakia,SVK,EURO,01/01/2024,Jan-24,2,0
Slovakia,SVK,EURO,01/02/2024,Feb-24,0,0
Slovakia,SVK,EURO,01/03/2024,Mar-24,0,0
Slovakia,SVK,EURO,01/04/2024,Apr-24,0,0
Slovakia,SVK,EURO,01/05/2024,May-24,0,0
Slovakia,SVK,EURO,01/06/2024,Jun-24,0,0
Slovakia,SVK,EURO,01/07/2024,Jul-24,0,0
Slovakia,SVK,EURO,01/08/2024,Aug-24,0,0
Slovakia,SVK,EURO,01/09/2024,Sep-24,0,0
Slovakia,SVK,EURO,01/10/2024,Oct-24,0,0
Slovenia,SVN,EURO,01/11/2023,Nov-23,0,0
Slovenia,SVN,EURO,01/12/2023,Dec-23,0,0
Slovenia,SVN,EURO,01/01/2024,Jan-24,0,0
Slovenia,SVN,EURO,01/02/2024,Feb-24,0,0
Slovenia,SVN,EURO,01/03/2024,Mar-24,0,0
Slovenia,SVN,EURO,01/04/2024,Apr-24,0,0
Slovenia,SVN,EURO,01/05/2024,May-24,0,0
Slovenia,SVN,EURO,01/06/2024,Jun-24,0,0
Slovenia,SVN,EURO,01/07/2024,Jul-24,0,0
Slovenia,SVN,EURO,01/08/2024,Aug-24,0,0
Slovenia,SVN,EURO,01/09/2024,Sep-24,0,0
Slovenia,SVN,EURO,01/10/2024,Oct-24,0,0
South Africa,ZAF,AFRO,01/11/2023,Nov-23,0,0
South Africa,ZAF,AFRO,01/12/2023,Dec-23,0,0
South Africa,ZAF,AFRO,01/01/2024,Jan-24,0,0
South Africa,ZAF,AFRO,01/02/2024,Feb-24,0,0
South Africa,ZAF,AFRO,01/03/2024,Mar-24,0,0
South Africa,ZAF,AFRO,01/04/2024,Apr-24,0,0
South Africa,ZAF,AFRO,01/05/2024,May-24,2,1
South Africa,ZAF,AFRO,01/06/2024,Jun-24,14,2
South Africa,ZAF,AFRO,01/07/2024,Jul-24,6,0
South Africa,ZAF,AFRO,01/08/2024,Aug-24,2,0
South Africa,ZAF,AFRO,01/09/2024,Sep-24,1,0
South Africa,ZAF,AFRO,01/10/2024,Oct-24,0,0
Spain,ESP,EURO,01/11/2023,Nov-23,37,0
Spain,ESP,EURO,01/12/2023,Dec-23,68,0
Spain,ESP,EURO,01/01/2024,Jan-24,34,0
Spain,ESP,EURO,01/02/2024,Feb-24,112,0
Spain,ESP,EURO,01/03/2024,Mar-24,62,0
Spain,ESP,EURO,01/04/2024,Apr-24,32,0
Spain,ESP,EURO,01/05/2024,May-24,38,0
Spain,ESP,EURO,01/06/2024,Jun-24,54,0
Spain,ESP,EURO,01/07/2024,Jul-24,20,0
Spain,ESP,EURO,01/08/2024,Aug-24,136,0
Spain,ESP,EURO,01/09/2024,Sep-24,42,0
Spain,ESP,EURO,01/10/2024,Oct-24,64,0
Sri Lanka,LKA,SEARO,01/11/2023,Nov-23,0,0
Sri Lanka,LKA,SEARO,01/12/2023,Dec-23,0,0
Sri Lanka,LKA,SEARO,01/01/2024,Jan-24,0,0
Sri Lanka,LKA,SEARO,01/02/2024,Feb-24,0,0
Sri Lanka,LKA,SEARO,01/03/2024,Mar-24,0,0
Sri Lanka,LKA,SEARO,01/04/2024,Apr-24,0,0
Sri Lanka,LKA,SEARO,01/05/2024,May-24,0,0
Sri Lanka,LKA,SEARO,01/06/2024,Jun-24,0,0
Sri Lanka,LKA,SEARO,01/07/2024,Jul-24,0,0
Sri Lanka,LKA,SEARO,01/08/2024,Aug-24,0,0
Sri Lanka,LKA,SEARO,01/09/2024,Sep-24,0,0
Sri Lanka,LKA,SEARO,01/10/2024,Oct-24,0,0
Sweden,SWE,EURO,01/11/2023,Nov-23,0,0
Sweden,SWE,EURO,01/12/2023,Dec-23,3,0
Sweden,SWE,EURO,01/01/2024,Jan-24,3,0
Sweden,SWE,EURO,01/02/2024,Feb-24,2,0
Sweden,SWE,EURO,01/03/2024,Mar-24,0,0
Sweden,SWE,EURO,01/04/2024,Apr-24,14,0
Sweden,SWE,EURO,01/05/2024,May-24,11,0
Sweden,SWE,EURO,01/06/2024,Jun-24,2,0
Sweden,SWE,EURO,01/07/2024,Jul-24,1,0
Sweden,SWE,EURO,01/08/2024,Aug-24,2,0
Sweden,SWE,EURO,01/09/2024,Sep-24,0,0
Sweden,SWE,EURO,01/10/2024,Oct-24,3,0
Switzerland,CHE,EURO,01/11/2023,Nov-23,0,0
Switzerland,CHE,EURO,01/12/2023,Dec-23,1,0
Switzerland,CHE,EURO,01/01/2024,Jan-24,9,0
Switzerland,CHE,EURO,01/02/2024,Feb-24,7,0
Switzerland,CHE,EURO,01/03/2024,Mar-24,0,0
Switzerland,CHE,EURO,01/04/2024,Apr-24,0,0
Switzerland,CHE,EURO,01/05/2024,May-24,0,0
Switzerland,CHE,EURO,01/06/2024,Jun-24,0,0
Switzerland,CHE,EURO,01/07/2024,Jul-24,0,0
Switzerland,CHE,EURO,01/08/2024,Aug-24,9,0
Switzerland,CHE,EURO,01/09/2024,Sep-24,0,0
Switzerland,CHE,EURO,01/10/2024,Oct-24,0,0
Thailand,THA,SEARO,01/11/2023,Nov-23,79,0
Thailand,THA,SEARO,01/12/2023,Dec-23,29,0
Thailand,THA,SEARO,01/01/2024,Jan-24,36,0
Thailand,THA,SEARO,01/02/2024,Feb-24,22,0
Thailand,THA,SEARO,01/03/2024,Mar-24,12,0
Thailand,THA,SEARO,01/04/2024,Apr-24,19,0
Thailand,THA,SEARO,01/05/2024,May-24,21,9
Thailand,THA,SEARO,01/06/2024,Jun-24,10,0
Thailand,THA,SEARO,01/07/2024,Jul-24,15,0
Thailand,THA,SEARO,01/08/2024,Aug-24,13,0
Thailand,THA,SEARO,01/09/2024,Sep-24,12,0
Thailand,THA,SEARO,01/10/2024,Oct-24,13,0
The United Kingdom,GBR,EURO,01/11/2023,Nov-23,47,0
The United Kingdom,GBR,EURO,01/12/2023,Dec-23,8,0
The United Kingdom,GBR,EURO,01/01/2024,Jan-24,7,0
The United Kingdom,GBR,EURO,01/02/2024,Feb-24,10,0
The United Kingdom,GBR,EURO,01/03/2024,Mar-24,16,0
The United Kingdom,GBR,EURO,01/04/2024,Apr-24,20,0
The United Kingdom,GBR,EURO,01/05/2024,May-24,24,0
The United Kingdom,GBR,EURO,01/06/2024,Jun-24,0,0
The United Kingdom,GBR,EURO,01/07/2024,Jul-24,66,0
The United Kingdom,GBR,EURO,01/08/2024,Aug-24,40,0
The United Kingdom,GBR,EURO,01/09/2024,Sep-24,42,0
The United Kingdom,GBR,EURO,01/10/2024,Oct-24,10,0
Trinidad and Tobago,TTO,AMRO,01/11/2023,Nov-23,0,0
Trinidad and Tobago,TTO,AMRO,01/12/2023,Dec-23,0,0
Trinidad and Tobago,TTO,AMRO,01/01/2024,Jan-24,0,0
Trinidad and Tobago,TTO,AMRO,01/02/2024,Feb-24,0,0
Trinidad and Tobago,TTO,AMRO,01/03/2024,Mar-24,0,0
Trinidad and Tobago,TTO,AMRO,01/04/2024,Apr-24,0,0
Trinidad and Tobago,TTO,AMRO,01/05/2024,May-24,0,0
Trinidad and Tobago,TTO,AMRO,01/06/2024,Jun-24,0,0
Trinidad and Tobago,TTO,AMRO,01/07/2024,Jul-24,0,0
Trinidad and Tobago,TTO,AMRO,01/08/2024,Aug-24,0,0
Trinidad and Tobago,TTO,AMRO,01/09/2024,Sep-24,0,0
Trinidad and Tobago,TTO,AMRO,01/10/2024,Oct-24,0,0
Türkiye,TUR,EURO,01/11/2023,Nov-23,0,0
Türkiye,TUR,EURO,01/12/2023,Dec-23,0,0
Türkiye,TUR,EURO,01/01/2024,Jan-24,0,0
Türkiye,TUR,EURO,01/02/2024,Feb-24,0,0
Türkiye,TUR,EURO,01/03/2024,Mar-24,0,0
Türkiye,TUR,EURO,01/04/2024,Apr-24,0,0
Türkiye,TUR,EURO,01/05/2024,May-24,0,0
Türkiye,TUR,EURO,01/06/2024,Jun-24,0,0
Türkiye,TUR,EURO,01/07/2024,Jul-24,0,0
Türkiye,TUR,EURO,01/08/2024,Aug-24,0,0
Türkiye,TUR,EURO,01/09/2024,Sep-24,0,0
Türkiye,TUR,EURO,01/10/2024,Oct-24,0,0
Uganda,UGA,AFRO,01/06/2024,Jun-24,0,0
Uganda,UGA,AFRO,01/07/2024,Jul-24,2,0
Uganda,UGA,AFRO,01/08/2024,Aug-24,9,0
Uganda,UGA,AFRO,01/09/2024,Sep-24,38,0
Uganda,UGA,AFRO,01/10/2024,Oct-24,241,1
Ukraine,UKR,EURO,01/11/2023,Nov-23,0,0
Ukraine,UKR,EURO,01/12/2023,Dec-23,0,0
Ukraine,UKR,EURO,01/01/2024,Jan-24,0,0
Ukraine,UKR,EURO,01/02/2024,Feb-24,0,0
Ukraine,UKR,EURO,01/03/2024,Mar-24,0,0
Ukraine,UKR,EURO,01/04/2024,Apr-24,0,0
Ukraine,UKR,EURO,01/05/2024,May-24,0,0
Ukraine,UKR,EURO,01/06/2024,Jun-24,0,0
Ukraine,UKR,EURO,01/07/2024,Jul-24,0,0
Ukraine,UKR,EURO,01/08/2024,Aug-24,0,0
Ukraine,UKR,EURO,01/09/2024,Sep-24,0,0
Ukraine,UKR,EURO,01/10/2024,Oct-24,0,0
United Arab Emirates,ARE,EMRO,01/12/2023,Dec-23,1,0
United Arab Emirates,ARE,EMRO,01/01/2024,Jan-24,1,0
United Arab Emirates,ARE,EMRO,01/03/2024,Mar-24,1,0
United Arab Emirates,ARE,EMRO,01/04/2024,Apr-24,1,0
United Arab Emirates,ARE,EMRO,01/08/2024,Aug-24,0,0
United Arab Emirates,ARE,EMRO,01/09/2024,Sep-24,1,1
United Arab Emirates,ARE,EMRO,01/10/2024,Oct-24,1,0
United States of America,USA,AMRO,01/11/2023,Nov-23,268,2
United States of America,USA,AMRO,01/12/2023,Dec-23,240,1
United States of America,USA,AMRO,01/01/2024,Jan-24,309,1
United States of America,USA,AMRO,01/02/2024,Feb-24,249,0
United States of America,USA,AMRO,01/03/2024,Mar-24,266,0
United States of America,USA,AMRO,01/04/2024,Apr-24,323,0
United States of America,USA,AMRO,01/05/2024,May-24,219,1
United States of America,USA,AMRO,01/06/2024,Jun-24,221,0
United States of America,USA,AMRO,01/07/2024,Jul-24,256,1
United States of America,USA,AMRO,01/08/2024,Aug-24,232,0
United States of America,USA,AMRO,01/09/2024,Sep-24,214,0
United States of America,USA,AMRO,01/10/2024,Oct-24,82,0
Uruguay,URY,AMRO,01/11/2023,Nov-23,0,0
Uruguay,URY,AMRO,01/12/2023,Dec-23,0,0
Uruguay,URY,AMRO,01/01/2024,Jan-24,0,0
Uruguay,URY,AMRO,01/02/2024,Feb-24,0,0
Uruguay,URY,AMRO,01/03/2024,Mar-24,0,0
Uruguay,URY,AMRO,01/04/2024,Apr-24,0,0
Uruguay,URY,AMRO,01/05/2024,May-24,0,0
Uruguay,URY,AMRO,01/06/2024,Jun-24,0,0
Uruguay,URY,AMRO,01/07/2024,Jul-24,0,0
Uruguay,URY,AMRO,01/08/2024,Aug-24,0,0
Uruguay,URY,AMRO,01/09/2024,Sep-24,1,0
Uruguay,URY,AMRO,01/10/2024,Oct-24,0,0
Venezuela (Bolivarian Republic of),VEN,AMRO,01/11/2023,Nov-23,0,0
Venezuela (Bolivarian Republic of),VEN,AMRO,01/12/2023,Dec-23,0,0
Venezuela (Bolivarian Republic of),VEN,AMRO,01/01/2024,Jan-24,0,0
Venezuela (Bolivarian Republic of),VEN,AMRO,01/02/2024,Feb-24,0,0
Venezuela (Bolivarian Republic of),VEN,AMRO,01/03/2024,Mar-24,0,0
Venezuela (Bolivarian Republic of),VEN,AMRO,01/04/2024,Apr-24,0,0
Venezuela (Bolivarian Republic of),VEN,AMRO,01/05/2024,May-24,0,0
Venezuela (Bolivarian Republic of),VEN,AMRO,01/06/2024,Jun-24,0,0
Venezuela (Bolivarian Republic of),VEN,AMRO,01/07/2024,Jul-24,0,0
Venezuela (Bolivarian Republic of),VEN,AMRO,01/08/2024,Aug-24,0,0
Venezuela (Bolivarian Republic of),VEN,AMRO,01/09/2024,Sep-24,0,0
Venezuela (Bolivarian Republic of),VEN,AMRO,01/10/2024,Oct-24,0,0
Viet Nam,VNM,WPRO,01/11/2023,Nov-23,47,1
Viet Nam,VNM,WPRO,01/12/2023,Dec-23,29,4
Viet Nam,VNM,WPRO,01/01/2024,Jan-24,21,0
Viet Nam,VNM,WPRO,01/02/2024,Feb-24,5,0
Viet Nam,VNM,WPRO,01/03/2024,Mar-24,22,2
Viet Nam,VNM,WPRO,01/05/2024,May-24,27,0
Viet Nam,VNM,WPRO,01/06/2024,Jun-24,6,0
Viet Nam,VNM,WPRO,01/07/2024,Jul-24,1,0
Viet Nam,VNM,WPRO,01/08/2024,Aug-24,0,0
Zambia,ZMB,AFRO,01/10/2024,Oct-24,1,0
Zimbabwe,ZWE,AFRO,01/10/2024,Oct-24,2,0